,Res. Name 1,Res. Number 1,Chain 1,Complex ASA,Free ASA,Buried ASA (Interface),Buried ASA %
0,LEU,2,A,149.39,191.55,42.16,22.0
1,LEU,4,A,61.45,114.06,52.61,46.1
2,TRP,13,A,104.66,162.43,57.77,35.6
3,VAL,14,A,65.0,68.39,3.39,5.0
4,PRO,15,A,78.66,104.74,26.08,24.9
5,ASP,155,A,57.24,74.87,17.63,23.5
6,THR,158,A,34.08,43.85,9.77,22.3
7,PRO,202,A,7.41,21.94,14.53,66.2
8,ASP,203,A,94.1,121.26,27.16,22.4
9,ARG,207,A,82.63,142.45,59.82,42.0
10,ILE,215,A,16.35,21.21,4.86,22.9
11,ASP,216,A,13.68,33.63,19.95,59.3
12,ARG,219,A,100.9,214.77,113.87,53.0
13,ARG,220,A,10.24,125.59,115.35,91.8
14,PHE,221,A,6.83,60.11,53.28,88.6
15,LEU,222,A,17.71,76.26,58.55,76.8
16,VAL,223,A,4.39,61.93,57.54,92.9
17,ASN,224,A,6.89,35.19,28.3,80.4
18,ARG,225,A,121.24,133.59,12.35,9.2
19,VAL,226,A,15.07,40.32,25.25,62.6
20,GLN,227,A,79.56,147.39,67.83,46.0
21,HIS,229,A,95.72,130.22,34.5,26.5
22,SER,232,A,17.18,43.24,26.06,60.3
23,TYR,236,A,9.0,109.12,100.12,91.8
24,MET,239,A,6.21,71.66,65.45,91.3
25,ASN,240,A,0.92,8.56,7.64,89.3
26,GLY,266,A,17.69,36.23,18.54,51.2
27,ASP,267,A,49.54,79.26,29.72,37.5
28,LEU,270,A,19.23,26.86,7.63,28.4
29,GLY,274,A,3.46,10.74,7.28,67.8
30,LYS,275,A,141.1,177.61,36.51,20.6
31,ALA,278,A,2.81,11.63,8.82,75.8
32,LEU,293,A,18.25,26.21,7.96,30.4
33,ARG,294,A,64.46,87.46,23.0,26.3
34,VAL,295,A,1.52,3.55,2.03,57.2
35,GLN,299,A,19.87,74.51,54.64,73.3
36,LEU,300,A,25.99,67.91,41.92,61.7
37,LYS,301,A,38.24,93.19,54.95,59.0
38,ILE,304,A,0.06,37.23,37.17,99.8
39,GLN,305,A,26.65,75.02,48.37,64.5
40,GLU,308,A,27.06,110.48,83.42,75.5
41,ALA,309,A,0.0,7.65,7.65,100.0
42,PRO,313,A,37.9,119.78,81.88,68.4
43,TYR,314,A,44.41,86.3,41.89,48.5
44,GLU,315,A,35.44,48.85,13.41,27.5
45,GLN,316,A,81.33,116.91,35.58,30.4
46,LYS,318,A,70.66,158.24,87.58,55.3
47,GLU,329,A,77.14,87.92,10.78,12.3
48,GLU,360,A,15.51,23.97,8.46,35.3
49,ASP,364,A,16.72,29.93,13.21,44.1
50,PRO,371,A,54.93,81.57,26.64,32.7
51,MET,374,A,13.83,18.49,4.66,25.2
52,GLU,375,A,17.2,63.02,45.82,72.7
53,ARG,378,A,52.05,126.48,74.43,58.8
54,GLN,379,A,26.98,31.49,4.51,14.3
